{"cameraMode":{"drawMode":0,"name":"Shaded","section":"Shading Mode"},"sceneLighting":true,"audioPlay":false,"sceneViewState":{"m_AlwaysRefresh":false,"showFog":true,"showSkybox":true,"showFlares":true,"showImageEffects":true,"showParticleSystems":true,"showVisualEffectGraphs":true,"m_FxEnabled":true},"in2DMode":false,"pivot":{"x":890.881103515625,"y":504.503662109375,"z":-135.60076904296876},"rotation":{"x":0.05428145453333855,"y":-0.008991715498268605,"z":0.00048804539255797863,"w":0.9984874129295349},"size":454.7701110839844,"orthographic":false}